T日,股票代码,股票名称,T-2日期,T-2涨幅%,T-1日期,T-1开盘涨幅%,T-1收盘涨幅%,归档竞价涨幅%,实际竞价涨幅%,竞价价,T日收盘价,竞价到收盘收益%,胜负,T-1一字,现有红策命中
2026-01-06,002151.XSHE,北斗星通,2025-12-31,10.0000,2026-01-05,9.6192,9.9934,0.0200,0.0200,49.9800,54.9700,9.9840,胜,否,
2026-01-06,600498.XSHG,烽火通信,2025-12-31,10.0137,2026-01-05,5.3928,10.0062,1.9600,1.9552,35.9800,35.2800,-1.9455,负,否,
2026-01-06,601698.XSHG,中国卫通,2025-12-31,10.0062,2026-01-05,2.6029,9.9916,1.7300,1.7303,39.9800,43.2300,8.1291,胜,否,
2026-01-08,002718.XSHE,友邦吊顶,2026-01-06,9.9924,2026-01-07,10.0046,10.0046,1.8200,1.8189,48.7000,49.1800,0.9856,胜,否,
2026-01-08,600435.XSHG,北方导航,2026-01-06,10.0122,2026-01-07,8.2686,9.9889,0.9100,0.9082,20.0000,21.0700,5.3500,胜,否,
2026-01-13,002046.XSHE,国机精工,2026-01-09,10.0071,2026-01-12,5.6047,10.0022,0.4500,0.4507,51.2600,51.7700,0.9949,胜,否,
2026-01-15,002400.XSHE,省广集团,2026-01-13,9.9912,2026-01-14,-0.3984,10.0398,0.2900,0.2896,13.8500,12.8000,-7.5812,负,否,
2026-01-19,002796.XSHE,世嘉科技,2026-01-15,9.9972,2026-01-16,1.2658,10.0000,1.9600,1.9563,44.3000,44.9500,1.4673,胜,否,
2026-01-20,601096.XSHG,宏盛华源,2026-01-16,10.0228,2026-01-19,0.0000,9.9379,1.6900,1.6949,5.4000,5.4700,1.2963,胜,否,
2026-01-22,002165.XSHE,红 宝 丽,2026-01-20,9.9622,2026-01-21,9.9771,9.9771,0.1000,0.1043,9.6000,9.9900,4.0625,胜,否,
2026-01-23,600759.XSHG,ST洲际,2026-01-21,9.9715,2026-01-22,0.0000,10.1036,0.4700,0.4706,4.2700,4.4000,3.0445,胜,否,
2026-01-23,600868.XSHG,梅雁吉祥,2026-01-21,9.9757,2026-01-22,3.9823,9.9558,1.8100,1.8109,5.0600,4.9400,-2.3715,负,否,
2026-01-23,603256.XSHG,宏和科技,2026-01-21,10.0000,2026-01-22,4.6614,9.9954,1.5800,1.5813,48.1800,47.2000,-2.0340,负,否,
2026-01-27,000593.XSHE,德龙汇能,2026-01-23,9.9727,2026-01-26,0.9938,10.0000,1.6400,1.6375,18.0000,17.0500,-5.2778,负,否,
2026-01-27,000603.XSHE,盛达资源,2026-01-23,9.9957,2026-01-26,9.6893,10.0000,0.3700,0.3707,56.8600,61.1600,7.5624,胜,否,
2026-01-27,001337.XSHE,四川黄金,2026-01-23,10.0088,2026-01-26,6.9082,9.9940,0.0200,0.0181,55.2600,60.7800,9.9891,胜,否,
2026-01-28,601212.XSHG,白银有色,2026-01-26,10.0289,2026-01-27,0.0000,9.9912,0.1600,0.1594,12.5700,13.8100,9.8648,胜,否,
2026-01-28,603132.XSHG,XD金徽股,2026-01-26,10.0240,2026-01-27,1.9094,9.9836,1.6900,1.6865,20.5000,22.1800,8.1951,胜,否,
2026-01-30,603619.XSHG,中曼石油,2026-01-28,10.0000,2026-01-29,2.4203,10.0059,1.9600,1.9587,38.0000,34.6900,-8.7105,负,否,
2026-02-05,000039.XSHE,中集集团,2026-02-03,9.9682,2026-02-04,1.7358,10.0289,1.6700,1.6652,11.6000,11.2900,-2.6724,负,否,
2026-02-05,000533.XSHE,顺钠股份,2026-02-03,9.9783,2026-02-04,5.5227,9.9606,0.4500,0.4484,11.2000,10.7800,-3.7500,负,否,
2026-02-05,002126.XSHE,银轮股份,2026-02-03,9.9972,2026-02-04,4.9134,10.0051,0.9000,0.9026,43.6000,44.4000,1.8349,胜,否,
2026-02-09,002361.XSHE,神剑股份,2026-02-05,10.0079,2026-02-06,1.8051,10.0361,1.8400,1.8373,15.5200,14.9400,-3.7371,负,否,
2026-02-10,002624.XSHE,完美世界,2026-02-06,10.0056,2026-02-09,9.2999,10.0153,0.0900,0.0929,21.5500,22.4700,4.2691,胜,否,
2026-02-11,605060.XSHG,联德股份,2026-02-09,10.0104,2026-02-10,0.4739,10.0095,0.4700,0.4653,58.3000,58.0000,-0.5146,负,否,
2026-02-13,603256.XSHG,宏和科技,2026-02-11,10.0083,2026-02-12,4.9992,9.9985,0.0800,0.0819,73.3300,71.6000,-2.3592,负,否,
2026-02-25,605289.XSHG,罗曼股份,2026-02-13,10.0000,2026-02-24,4.5121,10.0022,1.2700,1.2730,100.2400,108.8800,8.6193,胜,否,
2026-02-26,001896.XSHE,豫能控股,2026-02-24,9.9781,2026-02-25,4.6859,9.9701,0.0900,0.0907,11.0400,12.1300,9.8732,胜,否,
2026-02-26,600096.XSHG,云天化,2026-02-24,10.0056,2026-02-25,2.1341,10.0102,0.2300,0.2309,43.4000,44.5500,2.6498,胜,否,
2026-02-26,603601.XSHG,再升科技,2026-02-24,10.0372,2026-02-25,1.7736,9.9662,0.6100,0.6144,13.1000,13.2300,0.9924,胜,否,
2026-02-26,605178.XSHG,时空科技,2026-02-24,10.0000,2026-02-25,2.9715,10.0029,1.8600,1.8588,76.1700,71.9900,-5.4877,负,否,
2026-02-27,002428.XSHE,云南锗业,2026-02-25,10.0055,2026-02-26,9.9876,10.0124,0.6100,0.6082,44.6600,48.2600,8.0609,胜,否,
2026-03-02,000899.XSHE,赣能股份,2026-02-26,10.0249,2026-02-27,6.7771,10.0151,1.8500,1.8480,14.8800,14.6600,-1.4785,负,否,
2026-03-02,001896.XSHE,豫能控股,2026-02-26,9.9728,2026-02-27,5.1937,9.9753,0.0700,0.0750,13.3500,14.1400,5.9176,胜,否,
2026-03-02,600744.XSHG,华银电力,2026-02-26,10.0610,2026-02-27,3.0471,9.9723,0.2500,0.2519,7.9600,7.9800,0.2513,胜,否,
2026-03-03,603738.XSHG,泰晶科技,2026-02-27,10.0000,2026-03-02,-0.8264,10.0092,1.0000,1.0017,24.2000,23.0000,-4.9587,负,否,
2026-03-04,000968.XSHE,蓝焰控股,2026-03-02,10.0000,2026-03-03,9.0909,10.0423,1.6300,1.6330,10.5800,11.1200,5.1040,胜,否,
2026-03-04,600026.XSHG,中远海能,2026-03-02,10.0097,2026-03-03,7.9947,9.9823,0.3600,0.3614,24.9900,23.7900,-4.8019,负,否,
2026-03-04,600108.XSHG,亚盛集团,2026-03-02,10.0756,2026-03-03,10.0686,10.0686,0.2100,0.2079,4.8200,5.2900,9.7510,胜,否,
2026-03-04,600688.XSHG,上海石化,2026-03-02,10.0946,2026-03-03,8.0229,10.0287,1.3000,1.3021,3.8900,3.6000,-7.4550,负,否,
2026-03-09,000815.XSHE,美利云,2026-03-05,10.0148,2026-03-06,2.2927,9.9798,1.3500,1.3489,16.5300,17.9400,8.5299,胜,否,
2026-03-09,002498.XSHE,汉缆股份,2026-03-05,9.9631,2026-03-06,6.7114,9.9553,0.1000,0.1017,9.8400,9.9600,1.2195,胜,否,
2026-03-12,600108.XSHG,亚盛集团,2026-03-10,9.9448,2026-03-11,3.0151,10.0503,1.9800,1.9787,6.7000,6.9600,3.8806,胜,否,
2026-03-12,600172.XSHG,黄河旋风,2026-03-10,10.0437,2026-03-11,4.1667,10.0198,0.9900,0.9919,11.2000,10.8900,-2.7679,负,否,
2026-03-13,002150.XSHE,正泰电源,2026-03-11,10.0074,2026-03-12,4.9865,10.0067,1.0700,1.0720,33.0000,33.5300,1.6061,胜,否,
2026-03-16,002487.XSHE,大金重工,2026-03-12,10.0075,2026-03-13,0.7365,9.9973,0.9100,0.9051,81.3800,75.5000,-7.2254,负,否,
2026-03-16,600726.XSHG,华电能源,2026-03-12,9.9150,2026-03-13,8.2474,10.0515,0.7000,0.7026,4.3000,4.4000,2.3256,胜,否,
2026-03-18,600370.XSHG,*ST三房,2026-03-16,9.8901,2026-03-17,-1.0000,10.0000,1.8200,1.8182,3.3600,3.6300,8.0357,胜,否,
2026-03-19,002565.XSHE,顺灏股份,2026-03-17,10.0000,2026-03-18,2.1031,9.9729,1.8500,1.8507,16.5100,17.1600,3.9370,胜,否,
2026-03-19,600370.XSHG,*ST三房,2026-03-17,10.0000,2026-03-18,1.8182,10.0000,0.8300,0.8264,3.6600,3.2900,-10.1093,负,否,
2026-03-20,000815.XSHE,美利云,2026-03-18,10.0251,2026-03-19,3.7585,10.0228,0.7800,0.7764,19.4700,18.9500,-2.6708,负,否,
2026-03-20,002432.XSHE,九安医疗,2026-03-18,10.0000,2026-03-19,3.8699,10.0083,0.5800,0.5762,66.3300,62.3600,-5.9852,负,否,
2026-03-24,002310.XSHE,东方新能,2026-03-20,10.1266,2026-03-23,3.7356,10.0575,0.2600,0.2611,3.8400,3.7900,-1.3021,负,否,
2026-03-24,600396.XSHG,华电辽能,2026-03-20,10.0176,2026-03-23,6.2300,10.0639,0.1500,0.1451,6.9000,7.5800,9.8551,胜,否,
2026-03-24,603687.XSHG,大胜达,2026-03-20,10.0247,2026-03-23,10.0075,10.0075,1.8300,1.8330,15.0000,14.7500,-1.6667,负,否,
2026-03-26,000601.XSHE,韶能股份,2026-03-24,9.9591,2026-03-25,6.6998,10.0496,0.2300,0.2255,8.8900,8.0700,-9.2238,负,否,
2026-03-26,601869.XSHG,XD长飞光,2026-03-24,10.0000,2026-03-25,5.4391,9.9996,0.7000,0.7014,258.4400,268.8800,4.0396,胜,否,
2026-03-27,000722.XSHE,湖南发展,2026-03-25,9.9934,2026-03-26,6.9795,9.9880,1.6400,1.6411,18.5800,16.9600,-8.7191,负,否,
2026-03-30,603026.XSHG,石大胜华,2026-03-26,10.0052,2026-03-27,-1.5237,9.9977,1.0000,1.0016,94.7900,93.0600,-1.8251,负,否,
2026-03-31,603618.XSHG,杭电股份,2026-03-27,10.0136,2026-03-30,2.8830,10.0082,1.0900,1.0857,27.0000,28.4900,5.5185,胜,否,
2026-04-02,002821.XSHE,凯莱英,2026-03-31,10.0000,2026-04-01,3.4666,10.0027,1.8000,1.7973,124.0400,126.6500,2.1042,胜,否,
2026-04-07,000950.XSHE,重药控股,2026-04-02,10.0000,2026-04-03,0.9245,10.0154,1.8200,1.8207,7.2700,7.1400,-1.7882,负,否,
2026-04-08,605589.XSHG,圣泉集团,2026-04-03,10.0068,2026-04-07,6.6913,9.9907,0.9300,0.9251,36.0000,35.7700,-0.6389,负,否,
2026-04-10,002213.XSHE,大为股份,2026-04-08,10.0149,2026-04-09,2.0643,10.0169,1.7800,1.7841,33.0900,33.8700,2.3572,胜,否,
2026-04-10,002384.XSHE,东山精密,2026-04-08,9.9991,2026-04-09,6.7467,9.9992,0.3000,0.3033,132.3000,143.5500,8.5034,胜,否,
2026-04-10,603306.XSHG,华懋科技,2026-04-08,9.9975,2026-04-09,1.0879,9.9955,0.9700,0.9685,98.0000,101.8000,3.8776,胜,否,
2026-04-13,600345.XSHG,长江通信,2026-04-09,9.9933,2026-04-10,7.8106,9.9960,1.1800,1.1773,55.0000,55.0000,0.0000,负,否,
2026-04-15,600396.XSHG,华电辽能,2026-04-13,9.9398,2026-04-14,4.1096,10.0000,1.2500,1.2453,8.1300,8.0500,-0.9840,负,否,
2026-04-16,002980.XSHE,华盛昌,2026-04-14,9.9983,2026-04-15,6.6885,9.9782,0.5200,0.5245,70.9100,66.4700,-6.2615,负,否,
2026-04-16,002990.XSHE,盛视科技,2026-04-14,10.0000,2026-04-15,-0.8359,10.0052,0.7400,0.7362,42.4200,46.3200,9.1938,胜,否,
2026-04-21,002428.XSHE,云南锗业,2026-04-17,10.0071,2026-04-20,3.0000,10.0000,0.1800,0.1760,68.3200,68.4000,0.1171,胜,否,
2026-04-21,003018.XSHE,金富科技,2026-04-17,10.0140,2026-04-20,0.2040,9.9949,1.9900,1.9935,44.0000,47.4500,7.8409,胜,否,
2026-04-21,600707.XSHG,彩虹股份,2026-04-17,10.0282,2026-04-20,6.1617,10.0128,1.2800,1.2835,8.6800,8.4500,-2.6498,负,否,
2026-04-21,603052.XSHG,可川科技,2026-04-17,10.0040,2026-04-20,4.7990,10.0060,0.3600,0.3599,92.0200,90.3000,-1.8692,负,否,
2026-04-24,002081.XSHE,金 螳 螂,2026-04-22,10.0223,2026-04-23,9.9190,9.9190,0.3700,0.3683,5.4500,4.8900,-10.2752,负,否,
2026-04-24,603618.XSHG,杭电股份,2026-04-22,10.0193,2026-04-23,1.0858,10.0175,0.8000,0.7959,31.6600,30.5600,-3.4744,负,否,
2026-04-28,000062.XSHE,深圳华强,2026-04-24,9.9936,2026-04-27,2.9994,9.9884,1.3500,1.3503,38.2800,36.2000,-5.4336,负,否,
2026-04-28,600338.XSHG,西藏珠峰,2026-04-24,9.9903,2026-04-27,1.0191,10.0133,0.3600,0.3625,24.9200,25.1000,0.7223,胜,否,
2026-04-29,000593.XSHE,德龙汇能,2026-04-27,9.9857,2026-04-28,3.7613,9.9870,1.7700,1.7689,25.8900,26.7100,3.1672,胜,否,
2026-04-29,605289.XSHG,罗曼股份,2026-04-27,10.0039,2026-04-28,4.0129,10.0007,0.9500,0.9456,158.0000,153.5200,-2.8354,负,否,
2026-04-30,605168.XSHG,三人行,2026-04-28,10.0050,2026-04-29,4.8083,10.0023,0.5400,0.5361,48.7600,47.0600,-3.4865,负,否,
2026-05-06,000980.XSHE,众泰汽车,2026-04-29,10.0962,2026-04-30,1.3100,10.0437,1.1900,1.1905,2.5500,2.5200,-1.1765,负,否,
2026-05-06,002645.XSHE,华宏科技,2026-04-29,10.0000,2026-04-30,6.1886,9.9872,0.8900,0.8925,26.0000,25.8500,-0.5769,负,否,
2026-05-06,002842.XSHE,翔鹭钨业,2026-04-29,9.9969,2026-04-30,4.3441,10.0029,1.4000,1.4030,39.0300,39.3700,0.8711,胜,否,
2026-05-07,000783.XSHE,长江证券,2026-04-30,10.0551,2026-05-06,1.5019,10.0125,0.5700,0.5688,8.8400,8.3400,-5.6561,负,否,
2026-05-07,002149.XSHE,西部材料,2026-04-30,9.9931,2026-05-06,3.0074,9.9984,1.6300,1.6318,71.0000,73.4700,3.4789,胜,否,
2026-05-07,002158.XSHE,汉钟精机,2026-04-30,10.0000,2026-05-06,1.0866,9.9964,1.0200,1.0207,30.6800,31.9700,4.2047,胜,否,
2026-05-07,002181.XSHE,粤 传 媒,2026-04-30,10.0067,2026-05-06,0.0000,10.0061,0.3300,0.3308,18.2000,18.7200,2.8571,胜,否,
2026-05-07,002805.XSHE,丰元股份,2026-04-30,10.0144,2026-05-06,2.1444,10.0219,0.0400,0.0398,25.1500,24.5200,-2.5050,负,否,
2026-05-07,603629.XSHG,利通电子,2026-04-30,9.9931,2026-05-06,3.8363,9.9993,0.8500,0.8499,160.2000,158.2800,-1.1985,负,否,
2026-05-08,003041.XSHE,真爱美家,2026-05-06,10.0000,2026-05-07,2.5156,9.9931,1.2800,1.2776,64.2100,64.3000,0.1402,胜,否,
2026-05-08,603256.XSHG,宏和科技,2026-05-06,10.0000,2026-05-07,3.0456,9.9992,0.6000,0.6037,144.9800,148.8700,2.6831,胜,否,
2026-05-08,603618.XSHG,杭电股份,2026-05-06,10.0142,2026-05-07,4.9212,10.0032,0.8200,0.8187,34.4800,37.6200,9.1067,胜,否,
2026-05-11,002929.XSHE,润建股份,2026-05-07,10.0077,2026-05-08,9.9972,9.9972,0.9700,0.9715,78.9900,77.6500,-1.6964,负,否,
2026-05-12,002281.XSHE,光迅科技,2026-05-08,10.0006,2026-05-11,4.0283,9.9989,0.6100,0.6087,200.0000,201.5000,0.7500,胜,否,
2026-05-13,002491.XSHE,通鼎互联,2026-05-11,10.0194,2026-05-12,7.7871,9.9868,0.0400,0.0400,25.0100,26.9500,7.7569,胜,否,
2026-05-13,600172.XSHG,黄河旋风,2026-05-11,10.0112,2026-05-12,5.6237,10.0204,1.4900,1.4870,10.9200,11.8400,8.4249,胜,否,
2026-05-13,600488.XSHG,津药药业,2026-05-11,10.0000,2026-05-12,0.7576,10.0000,1.6500,1.6529,7.3800,7.2000,-2.4390,负,否,
2026-05-13,600869.XSHG,远东股份,2026-05-11,9.9842,2026-05-12,3.0740,9.9904,0.4800,0.4803,23.0100,23.0700,0.2608,胜,否,
2026-05-14,600172.XSHG,黄河旋风,2026-05-12,10.0204,2026-05-13,1.4870,10.0372,1.1800,1.1824,11.9800,11.8300,-1.2521,负,否,
2026-05-15,600903.XSHG,贵州燃气,2026-05-13,9.9369,2026-05-14,0.8608,10.0430,1.6900,1.6949,7.8000,8.0100,2.6923,胜,否,
2026-05-21,002782.XSHE,可立克,2026-05-19,10.0080,2026-05-20,6.3066,10.0036,0.0300,0.0329,30.3600,28.2000,-7.1146,负,否,
2026-05-25,000012.XSHE,南 玻Ａ,2026-05-21,9.8901,2026-05-22,0.0000,10.0000,0.2300,0.2273,4.4100,4.6000,4.3084,胜,否,
2026-05-25,000725.XSHE,京东方Ａ,2026-05-21,10.0939,2026-05-22,0.2132,10.0213,0.1900,0.1938,5.1700,5.2700,1.9342,胜,否,
2026-05-25,002036.XSHE,联创电子,2026-05-21,9.9882,2026-05-22,7.7991,10.0427,0.1000,0.0971,10.3100,10.3200,0.0970,胜,否,
2026-05-25,002931.XSHE,锋龙股份,2026-05-21,10.0037,2026-05-22,1.5989,9.9933,1.6500,1.6505,67.1300,64.6900,-3.6347,负,否,
2026-05-26,000510.XSHE,新金路,2026-05-22,10.0147,2026-05-25,4.5515,9.9732,0.7300,0.7304,16.5500,18.0700,9.1843,胜,否,
2026-05-26,002552.XSHE,宝鼎科技,2026-05-22,10.0000,2026-05-25,9.2416,9.9950,1.8500,1.8493,44.6100,48.1800,8.0027,胜,否,
2026-05-26,002741.XSHE,光华科技,2026-05-22,10.0217,2026-05-25,5.4811,10.0158,0.3600,0.3584,28.0000,28.1300,0.4643,胜,否,
2026-05-26,002938.XSHE,鹏鼎控股,2026-05-22,10.0021,2026-05-25,9.9971,9.9971,1.4700,1.4696,116.0000,116.0000,0.0000,负,否,
2026-05-26,600186.XSHG,莲花控股,2026-05-22,10.0187,2026-05-25,2.5532,10.0426,0.4600,0.4640,12.9900,13.1900,1.5396,胜,否,
2026-05-26,603936.XSHG,博敏电子,2026-05-22,9.9805,2026-05-25,4.0283,10.0044,1.4500,1.4487,25.2100,26.2400,4.0857,胜,否,
2026-05-28,002579.XSHE,中京电子,2026-05-26,10.0219,2026-05-27,9.9734,9.9734,1.8700,1.8742,16.8500,18.1900,7.9525,胜,否,
2026-06-03,603045.XSHG,福达合金,2026-06-01,10.0000,2026-06-02,0.0000,9.9971,0.9200,0.9168,75.9500,72.3900,-4.6873,负,否,
2026-06-04,600487.XSHG,亨通光电,2026-06-02,10.0053,2026-06-03,8.2772,9.9976,1.7200,1.7172,93.0000,97.8700,5.2366,胜,否,
2026-06-08,600403.XSHG,大有能源,2026-06-04,9.9554,2026-06-05,0.0000,10.0000,1.1100,1.1057,8.2300,8.9500,8.7485,胜,否,
2026-06-09,003009.XSHE,中天火箭,2026-06-05,10.0079,2026-06-08,0.0000,10.0000,1.7400,1.7394,62.0000,59.1300,-4.6290,负,否,
2026-06-10,603186.XSHG,华正新材,2026-06-08,10.0032,2026-06-09,5.1239,9.9978,1.9200,1.9181,152.5000,163.3200,7.0951,胜,否,
2026-06-11,002636.XSHE,金安国纪,2026-06-09,10.0031,2026-06-10,7.9852,10.0028,0.0300,0.0258,77.4400,84.8000,9.5041,胜,否,
2026-06-11,603002.XSHG,宏昌电子,2026-06-09,10.0133,2026-06-10,2.4714,10.0060,0.5500,0.5479,18.3500,17.9000,-2.4523,负,否,
2026-06-11,605006.XSHG,山东玻纤,2026-06-09,9.9943,2026-06-10,2.3499,10.0261,1.9900,1.9934,21.4900,22.2600,3.5831,胜,否,
2026-06-15,000032.XSHE,深桑达Ａ,2026-06-11,9.9744,2026-06-12,1.1628,10.0000,1.4800,1.4799,19.2000,20.8100,8.3854,胜,否,
2026-06-16,000506.XSHE,招金黄金,2026-06-12,10.0160,2026-06-15,4.0787,9.9782,0.0700,0.0662,15.1100,15.2000,0.5956,胜,否,
2026-06-16,601958.XSHG,金钼股份,2026-06-12,10.0000,2026-06-15,6.7790,9.9922,0.1100,0.1069,28.1000,28.8800,2.7758,胜,否,
2026-06-16,603738.XSHG,泰晶科技,2026-06-12,9.9915,2026-06-15,9.9923,9.9923,0.1600,0.1581,57.0000,55.5100,-2.6140,负,否,
2026-06-17,000032.XSHE,深桑达Ａ,2026-06-15,9.9894,2026-06-16,3.1716,9.9952,1.4000,1.3980,23.2100,23.2200,0.0431,胜,否,
2026-06-17,002080.XSHE,中材科技,2026-06-15,9.9968,2026-06-16,4.0963,9.9985,1.7900,1.7886,76.2600,82.4100,8.0645,胜,否,
2026-06-17,600545.XSHG,卓郎智能,2026-06-15,9.9265,2026-06-16,2.5084,10.0334,1.0600,1.0638,6.6500,6.5900,-0.9023,负,否,
2026-06-17,600703.XSHG,三安光电,2026-06-15,9.9856,2026-06-16,2.5474,9.9935,0.7100,0.7126,16.9600,17.1600,1.1792,胜,否,
2026-06-17,601179.XSHG,中国西电,2026-06-15,10.0223,2026-06-16,4.6559,9.9865,0.7400,0.7362,16.4200,15.7900,-3.8368,负,否,
2026-06-17,603002.XSHG,宏昌电子,2026-06-15,9.9828,2026-06-16,3.7559,10.0156,1.9400,1.9440,21.5000,23.2000,7.9070,胜,否,
2026-06-17,603256.XSHG,宏和科技,2026-06-15,10.0005,2026-06-16,3.6470,10.0009,1.7700,1.7690,256.0000,258.9000,1.1328,胜,否,
2026-06-17,605198.XSHG,安德利,2026-06-15,10.0000,2026-06-16,10.0028,10.0028,0.0100,0.0128,78.4200,86.1000,9.7934,胜,否,
2026-06-18,002741.XSHE,光华科技,2026-06-16,10.0031,2026-06-17,7.8940,10.0139,0.8900,0.8874,39.7900,41.3000,3.7949,胜,否,
2026-06-18,600186.XSHG,莲花控股,2026-06-16,9.9835,2026-06-17,1.8005,9.9775,1.5700,1.5689,14.8900,14.2800,-4.0967,负,否,
2026-06-18,603002.XSHG,宏昌电子,2026-06-16,10.0156,2026-06-17,1.9440,10.0047,1.9000,1.8966,23.6400,23.5800,-0.2538,负,否,
2026-06-22,001339.XSHE,智微智能,2026-06-17,10.0000,2026-06-18,2.6172,10.0009,1.4800,1.4811,128.8100,131.1900,1.8477,胜,否,
2026-06-23,002354.XSHE,天娱数科,2026-06-18,9.9573,2026-06-22,4.7865,9.9612,0.1200,0.1176,8.5100,8.1100,-4.7004,负,否,
2026-06-24,000783.XSHE,长江证券,2026-06-22,9.9744,2026-06-23,3.6047,10.0000,0.3200,0.3171,9.4900,9.2300,-2.7397,负,否,
2026-06-24,600397.XSHG,江钨装备,2026-06-22,10.0000,2026-06-23,9.9910,9.9910,1.6000,1.5957,24.8300,25.5100,2.7386,胜,否,
2026-06-24,603938.XSHG,三孚股份,2026-06-22,9.9963,2026-06-23,8.3446,10.0000,1.6600,1.6585,66.2000,71.6300,8.2024,胜,否,
2026-06-25,002580.XSHE,圣阳股份,2026-06-23,10.0095,2026-06-24,2.9754,10.0043,1.8800,1.8816,25.9900,25.2800,-2.7318,负,否,
2026-06-26,002025.XSHE,航天电器,2026-06-24,10.0083,2026-06-25,4.7891,9.9985,0.6300,0.6278,73.7300,72.4600,-1.7225,负,否,
2026-06-26,002254.XSHE,泰和新材,2026-06-24,10.0180,2026-06-25,4.4166,9.9782,1.8300,1.8344,20.5400,19.3500,-5.7936,负,否,
2026-06-26,603929.XSHG,亚翔集成,2026-06-24,10.0000,2026-06-25,10.0009,10.0009,0.3600,0.3646,256.0000,260.8500,1.8945,胜,否,
2026-06-26,603989.XSHG,艾华集团,2026-06-24,9.9955,2026-06-25,8.4937,10.0082,0.1700,0.1674,53.8400,56.0000,4.0119,胜,否,
2026-06-29,000823.XSHE,超声电子,2026-06-25,9.9915,2026-06-26,10.0116,10.0116,0.7400,0.7379,28.6700,25.9400,-9.5221,负,否,
2026-06-30,001270.XSHE,铖昌科技,2026-06-26,10.0039,2026-06-29,3.2705,9.9548,1.1000,1.1023,155.0000,155.9900,0.6387,胜,否,
2026-06-30,002180.XSHE,奔图科技,2026-06-26,9.9773,2026-06-29,1.0997,10.0344,1.0000,0.9994,16.1700,16.3600,1.1750,胜,否,
2026-07-01,003043.XSHE,华亚智能,2026-06-29,9.9951,2026-06-30,5.2463,10.0055,0.8400,0.8351,100.2200,106.0000,5.7673,胜,否,
2026-07-01,600363.XSHG,联创光电,2026-06-29,10.0101,2026-06-30,4.1500,9.9908,1.7900,1.7887,36.4200,37.0500,1.7298,胜,否,
2026-07-01,600378.XSHG,昊华科技,2026-06-29,10.0000,2026-06-30,4.7279,9.9956,1.9000,1.8971,76.8100,81.0000,5.4550,胜,否,
2026-07-01,603061.XSHG,金海通,2026-06-29,10.0012,2026-06-30,2.9438,10.0009,0.5500,0.5535,505.0000,523.0000,3.5644,胜,否,
2026-07-02,001331.XSHE,胜通能源,2026-06-30,10.0098,2026-07-01,-2.6428,10.0035,1.6600,1.6608,63.0500,61.6000,-2.2998,负,否,
2026-07-02,002396.XSHE,星网锐捷,2026-06-30,9.9828,2026-07-01,2.1909,10.0156,0.9500,0.9483,21.2900,21.2700,-0.0939,负,否,
2026-07-02,002407.XSHE,多氟多,2026-06-30,10.0088,2026-07-01,9.0981,9.9940,1.3800,1.3756,56.0100,54.8200,-2.1246,负,否,
2026-07-03,000536.XSHE,华映科技,2026-07-01,10.1493,2026-07-02,-1.0840,10.0271,1.4800,1.4778,4.1200,3.9800,-3.3981,负,否,
2026-07-06,603338.XSHG,浙江鼎力,2026-07-02,10.0000,2026-07-03,2.1503,10.0064,1.5300,1.5289,52.4600,52.9900,1.0103,胜,否,
2026-07-08,600246.XSHG,万通发展,2026-07-06,10.0195,2026-07-07,-0.1774,9.9941,1.5100,1.5054,18.8800,19.5000,3.2839,胜,否,
2026-07-08,603861.XSHG,白云电器,2026-07-06,10.0318,2026-07-07,1.3025,9.9855,0.6600,0.6579,15.3000,13.6800,-10.5882,负,否,
2026-07-17,000566.XSHE,海南海药,2026-07-15,10.0427,2026-07-16,3.1068,10.0971,0.1800,0.1764,5.6800,5.1000,-10.2113,负,否,
2026-07-27,601606.XSHG,长城军工,2026-07-23,10.0038,2026-07-24,5.1132,9.9863,0.6600,0.6552,32.2600,35.2600,9.2994,胜,否,
2026-08-03,000009.XSHE,中国宝安,2026-07-30,10.0000,2026-07-31,-2.5175,10.0699,1.4000,1.3977,7.9800,7.8800,-1.2531,负,否,
2026-08-04,002354.XSHE,天娱数科,2026-07-31,9.9662,2026-08-03,9.9846,9.9846,1.8200,1.8156,7.2900,7.8800,8.0933,胜,否,
2026-08-05,002361.XSHE,神剑股份,2026-08-03,10.0327,2026-08-04,2.7750,10.0099,1.3500,1.3514,11.2500,11.4100,1.4222,胜,否,
2026-08-05,601858.XSHG,中国科传,2026-08-03,10.0101,2026-08-04,1.1029,10.0184,1.3400,1.3367,24.2600,25.3600,4.5342,胜,否,
2026-08-06,000510.XSHE,新金路,2026-08-04,9.9850,2026-08-05,3.2765,10.0341,0.3100,0.3102,16.1700,16.1100,-0.3711,负,否,
2026-08-06,001267.XSHE,汇绿生态,2026-08-04,10.0172,2026-08-05,-3.4300,10.0094,1.5000,1.5023,35.8100,38.8100,8.3775,胜,否,
2026-08-06,002655.XSHE,共达电声,2026-08-04,10.0134,2026-08-05,3.5758,9.9959,1.9600,1.9579,27.6000,27.8400,0.8696,胜,否,
2026-08-06,002674.XSHE,兴业科技,2026-08-04,10.0225,2026-08-05,1.9608,10.0082,0.2600,0.2599,27.0000,28.6500,6.1111,胜,否,
2026-08-10,600601.XSHG,方正科技,2026-08-06,9.9624,2026-08-07,1.9658,10.0000,1.2400,1.2432,13.0300,13.2200,1.4582,胜,否,
2026-08-11,002552.XSHE,宝鼎科技,2026-08-07,10.0069,2026-08-10,10.0000,10.0000,1.2400,1.2414,53.0100,54.6100,3.0183,胜,否,
2026-08-12,605179.XSHG,一鸣食品,2026-08-10,9.9825,2026-08-11,2.3885,9.9920,0.6200,0.6153,27.8000,30.3900,9.3165,胜,否,
2026-08-18,002081.XSHE,金 螳 螂,2026-08-14,9.9792,2026-08-17,3.9698,10.0189,1.3700,1.3746,5.9000,6.2700,6.2712,胜,否,
